Layoff_ID,Company_ID,Location_ID,Industry_ID,Stage_ID,Country_ID,Total_Laid_Off,Percentage_Laid_Off,Layoff_Date,Funds_Raised_Millions,GDP_Billions,Population_Million,Literacy_Rate
1,1,1,1,1,1,9,0.09,2022-11-17,35,574.00,5,99
2,2,2,1,2,2,19,0.17,2023-01-27,21,1647126.00,38,99
3,3,3,2,3,3,100,0.08,2022-08-04,242,21433225.00,331,99
4,4,4,3,4,3,70,0.17,2020-04-02,253,21433225.00,331,99
5,5,5,4,5,4,90,0.12,2022-06-01,250,2085.00,213,93.2
6,5,5,4,5,4,100,0.15,2022-09-01,250,2085.00,213,93.2
7,6,6,2,2,3,95,0.3,2022-08-29,44,21433225.00,331,99
8,7,3,5,6,3,150,0.1,2022-10-12,426,21433225.00,331,99
9,8,3,6,3,3,155,0.07,2023-01-18,253,21433225.00,331,99
10,8,3,6,3,3,200,0.09,2022-10-04,253,21433225.00,331,99
11,9,5,7,7,4,75,0.02,2022-09-20,244,2085.00,213,93.2
12,10,3,4,8,3,12,0.05,2022-06-30,106,21433225.00,331,99
13,11,7,8,3,5,70,0.15,2022-09-15,126,554.00,10,99
14,12,8,9,5,6,45,0.09,2020-04-01,143,2875.00,1380,74.04
15,13,2,6,8,2,78,0.16,2022-09-20,190,1647126.00,38,99
16,14,2,6,2,2,36,0.23,2020-04-24,60,1647126.00,38,99
17,15,9,2,3,3,100,0.12,2022-03-08,406,21433225.00,331,99
18,16,3,9,9,3,20,0.03,2023-01-18,491,21433225.00,331,99
19,17,10,1,8,3,210,0.3,2020-03-31,89,21433225.00,331,99
20,18,3,9,3,3,500,0.19,2023-02-08,1500,21433225.00,331,99
21,19,3,2,5,3,44,1,2022-04-14,9,21433225.00,331,99
22,20,3,10,10,3,1900,0.25,2020-05-05,5400,21433225.00,331,99
23,21,3,11,9,3,254,0.2,2022-12-08,1400,21433225.00,331,99
24,22,4,12,2,3,30,0.2,2022-05-23,33,21433225.00,331,99
25,23,11,9,5,7,67,0.08,2022-11-28,245,1150.00,274,94.6
26,24,12,2,4,2,80,0.14,2022-08-16,293,1647126.00,38,99
27,25,13,9,8,3,20,0.08,2022-06-10,175,21433225.00,331,99
28,26,5,2,8,4,113,0.16,2022-12-09,174,2085.00,213,93.2
29,27,14,3,7,8,400,0.4,2022-05-14,60,1699876.00,146,99.7
30,28,3,2,4,3,47,0.06,2020-09-29,356,21433225.00,331,99
31,29,9,3,3,3,8000,0.02,2023-01-04,108,21433225.00,331,99
32,29,9,3,3,3,10000,0.03,2022-11-16,108,21433225.00,331,99
33,30,15,13,7,3,50,0.65,2023-01-17,92,21433225.00,331,99
34,31,16,9,5,3,130,0.25,2023-02-27,283,21433225.00,331,99
35,32,9,1,4,3,13,0.03,2022-08-20,187,21433225.00,331,99
36,33,9,1,2,3,17,1,2020-03-29,25,21433225.00,331,99
37,34,4,14,4,3,135,0.1,2020-05-05,181,21433225.00,331,99
38,35,17,15,8,3,35,0.27,2022-07-06,64,21433225.00,331,99
39,36,17,2,5,9,23,0.38,2022-10-23,36,446.00,9,97.8
40,37,3,16,4,3,29,0.1,2022-08-31,169,21433225.00,331,99
41,38,3,15,5,3,80,0.18,2020-04-28,156,21433225.00,331,99
42,39,3,1,3,3,300,0.12,2022-06-27,1600,21433225.00,331,99
43,40,18,17,4,2,90,0.06,2022-11-28,483,1647126.00,38,99
44,41,19,18,5,6,80,0.3,2022-06-20,12,2875.00,1380,74.04
45,42,17,19,8,9,24,0.09,2020-04-01,100,446.00,9,97.8
46,42,15,19,6,3,65,0.1,2022-12-05,265,21433225.00,331,99
47,43,20,7,5,3,150,0.05,2022-07-07,3600,21433225.00,331,99
48,44,4,9,2,3,20,0.07,2022-08-26,78,21433225.00,331,99
49,45,3,19,10,3,25,0.04,2022-12-08,537,21433225.00,331,99
50,46,21,7,3,10,800,0.5,2023-01-30,629,2994000.00,68,99
51,47,22,20,2,3,75,0.07,2020-04-03,35,21433225.00,331,99
52,48,3,13,3,3,180,0.09,2022-11-15,453,21433225.00,331,99
53,49,3,21,5,3,40,0.25,2020-04-05,100,21433225.00,331,99
54,50,23,15,8,3,76,0.2,2023-01-04,282,21433225.00,331,99
55,51,24,13,3,11,500,0.05,2023-03-06,210,1392687.00,26,99
56,52,3,9,2,3,32,0.3,2022-10-19,177,21433225.00,331,99
57,53,9,22,5,3,6,1,2020-04-10,1,21433225.00,331,99
58,54,17,19,5,9,19,0.09,2023-01-31,80,446.00,9,97.8
59,55,4,23,6,3,20,0.05,2023-01-04,274,21433225.00,331,99
60,56,15,19,9,3,70,0.09,2022-06-23,500,21433225.00,331,99
61,57,3,13,2,3,260,0.1,2020-04-27,840,21433225.00,331,99
62,58,13,10,10,3,144,0.22,2022-11-09,686,21433225.00,331,99
63,59,17,18,2,9,500,0.67,2022-05-01,45,446.00,9,97.8
64,60,4,3,4,3,60,0.1,2020-04-07,181,21433225.00,331,99
65,61,2,9,11,3,5,0.25,2020-11-19,3,21433225.00,331,99
66,62,3,3,8,3,250,0.5,2020-03-26,88,21433225.00,331,99
67,63,25,3,6,12,93,0.13,2022-12-23,1000,2715518.00,65,99
68,64,26,4,3,11,70,0.3,2022-06-27,13,1392687.00,26,99
69,65,3,7,1,3,16,0.25,2022-06-29,13,21433225.00,331,99
70,66,27,2,6,3,31,0.08,2023-02-08,168,21433225.00,331,99
71,67,28,9,2,2,47,0.1,2020-03-27,49,1647126.00,38,99
72,68,29,13,5,2,137,0.14,2023-01-18,69,1647126.00,38,99
73,69,30,3,5,13,100,0.1,2022-06-10,1000,3845630.00,84,99
74,70,31,9,8,3,41,0.14,2022-06-24,137,21433225.00,331,99
75,71,4,16,5,3,900,0.09,2021-12-01,905,21433225.00,331,99
76,71,4,16,5,3,3000,0.33,2022-03-08,905,21433225.00,331,99
77,72,15,18,8,3,30,0.2,2020-03-27,60,21433225.00,331,99
78,73,13,18,3,3,200,0.19,2022-10-14,122,21433225.00,331,99
79,74,17,15,1,9,65,1,2022-05-23,16,446.00,9,97.8
80,75,8,18,1,6,40,0.43,2023-01-15,21,2875.00,1380,74.04
81,76,22,3,3,3,180,0.13,2022-12-15,224,21433225.00,331,99
82,77,3,2,3,3,120,0.04,2022-10-07,585,21433225.00,331,99
83,78,13,7,3,3,138,0.23,2022-06-07,783,21433225.00,331,99
84,78,13,7,4,3,406,0.3,2020-03-27,623,21433225.00,331,99
85,79,32,4,11,14,75,0.25,2022-04-04,0,2.50,0,95
86,80,33,4,2,15,9,0.05,2022-06-19,30,501.00,10,97.8
87,81,34,4,8,16,270,0.27,2022-06-24,546,474.00,9,99
88,82,35,4,8,17,80,0.11,2022-05-26,378,1247000.00,129,95
89,83,9,15,7,3,70,0.27,2021-11-18,46,21433225.00,331,99
90,84,4,1,6,3,100,0.37,2022-12-01,194,21433225.00,331,99
91,84,4,1,6,3,120,0.3,2022-07-05,194,21433225.00,331,99
92,85,13,9,10,3,95,0.05,2022-12-08,220,21433225.00,331,99
93,86,3,9,3,3,100,0.06,2022-11-10,665,21433225.00,331,99
94,86,3,9,3,3,200,0.1,2022-04-19,665,21433225.00,331,99
95,86,3,9,3,3,220,0.12,2022-08-15,665,21433225.00,331,99
96,86,3,9,3,3,340,0.28,2023-01-10,665,21433225.00,331,99
97,87,21,4,4,10,110,0.28,2023-01-12,490,2994000.00,68,99
98,87,21,4,4,10,150,0.25,2022-07-21,490,2994000.00,68,99
99,88,4,4,6,3,250,0.2,2022-06-13,1000,21433225.00,331,99
100,89,4,16,2,3,130,0.25,2020-03-27,77,21433225.00,331,99
101,90,36,17,7,3,137,1,2020-05-26,108,21433225.00,331,99
102,91,3,9,6,3,50,0.1,2023-01-24,1300,21433225.00,331,99
103,91,3,9,6,3,240,0.27,2022-05-25,1300,21433225.00,331,99
104,92,2,3,1,2,29,0.34,2022-04-26,27,1647126.00,38,99
105,92,2,3,1,2,30,0.55,2022-06-20,27,1647126.00,38,99
106,93,10,17,1,3,12,0.25,2022-05-31,26,21433225.00,331,99
107,94,8,12,5,6,270,0.18,2020-05-28,224,2875.00,1380,74.04
108,95,37,3,3,5,70,0.05,2022-06-09,56,554.00,10,99
109,96,2,9,2,2,15,0.2,2020-04-06,72,1647126.00,38,99
110,97,38,7,4,6,40,0.05,2023-01-06,214,2875.00,1380,74.04
111,97,38,7,4,6,130,0.22,2020-06-29,214,2875.00,1380,74.04
112,97,38,7,4,6,200,0.4,2021-02-22,214,2875.00,1380,74.04
113,98,4,1,2,3,77,0.2,2020-04-06,75,21433225.00,331,99
114,99,4,3,11,3,3,0.27,2020-06-11,2,21433225.00,331,99
115,100,3,1,6,3,100,0.2,2020-04-07,367,21433225.00,331,99
116,101,39,2,2,3,40,0.33,2022-09-06,42,21433225.00,331,99
117,102,40,2,1,6,50,0.33,2022-06-14,6,2875.00,1380,74.04
118,103,12,16,4,2,120,0.8,2020-12-16,131,1647126.00,38,99
119,104,3,9,8,3,62,0.15,2020-05-29,732,21433225.00,331,99
120,104,3,9,4,3,136,0.11,2022-10-11,1500,21433225.00,331,99
121,105,41,2,2,3,154,1,2020-11-17,45,21433225.00,331,99
122,106,18,24,2,2,13,0.13,2022-12-06,36,1647126.00,38,99
123,107,3,15,5,9,30,0.08,2022-06-28,250,446.00,9,97.8
124,108,38,9,1,6,100,0.5,2022-07-15,31,2875.00,1380,74.04
125,109,24,25,8,11,30,0.15,2022-06-20,145,1392687.00,26,99
126,110,17,20,4,9,10,0.1,2020-04-21,84,446.00,9,97.8
127,111,21,7,5,10,206,1,2023-01-17,2400,2994000.00,68,99
128,112,2,9,1,2,26,0.4,2022-12-20,10,1647126.00,38,99
129,113,30,11,2,13,100,0.3,2022-07-13,89,3845630.00,84,99
130,114,42,4,1,18,80,0.45,2022-05-23,11,494.00,45,98
131,115,13,11,1,3,39,0.14,2020-06-04,29,21433225.00,331,99
132,116,16,14,8,3,50,0.25,2022-10-05,29,21433225.00,331,99
133,117,43,4,5,19,30,0.08,2022-07-05,300,365.00,8,94.3
134,118,12,7,2,2,23,0.32,2020-04-06,21,1647126.00,38,99
135,119,5,7,8,4,160,0.3,2022-12-08,138,2085.00,213,93.2
136,120,4,8,6,3,24,0.08,2020-04-03,80,21433225.00,331,99
137,121,4,18,2,3,1000,1,2022-07-08,50,21433225.00,331,99
138,122,4,1,8,3,48,0.35,2020-04-08,64,21433225.00,331,99
139,123,3,3,7,3,87,1,2020-07-30,42,21433225.00,331,99
140,124,4,8,3,3,180,0.12,2022-12-06,696,21433225.00,331,99
141,125,38,17,10,6,2500,0.05,2022-10-12,5500,2875.00,1380,74.04
142,126,44,9,12,3,20,0.02,2022-12-09,537,21433225.00,331,99
143,127,4,16,8,3,28,0.25,2020-05-11,133,21433225.00,331,99
144,128,4,2,2,3,156,0.24,2022-07-08,127,21433225.00,331,99
145,129,3,2,8,3,90,0.2,2022-08-11,218,21433225.00,331,99
146,130,16,12,5,3,87,0.25,2022-05-04,165,21433225.00,331,99
147,131,4,4,1,3,33,0.33,2022-11-28,100,21433225.00,331,99
148,132,13,7,3,3,58,0.06,2022-07-01,300,21433225.00,331,99
149,133,4,9,4,3,37,0.25,2022-11-17,281,21433225.00,331,99
150,134,3,5,8,3,31,0.1,2022-11-15,164,21433225.00,331,99
151,135,3,2,4,3,250,0.08,2022-06-02,522,21433225.00,331,99
152,136,33,7,7,15,536,0.31,2020-05-04,771,501.00,10,97.8
153,137,3,17,2,3,60,0.33,2022-07-28,51,21433225.00,331,99
154,138,15,7,3,3,130,0.13,2020-04-16,1,21433225.00,331,99
155,139,45,3,10,20,110,0.1,2022-12-01,372,372.00,6,98
156,140,46,7,13,6,600,0.06,2022-05-19,1300,2875.00,1380,74.04
157,141,3,9,6,3,161,0.16,2020-04-15,447,21433225.00,331,99
158,142,47,7,3,3,1500,0.08,2022-11-18,1600,21433225.00,331,99
159,143,21,7,5,10,70,0.2,2022-11-25,157,2994000.00,68,99
160,144,4,3,3,3,78,0.21,2020-04-21,339,21433225.00,331,99
161,145,21,7,3,10,750,0.15,2022-06-07,2000,2994000.00,68,99
162,146,4,4,2,3,150,0.25,2022-07-03,864,21433225.00,331,99
163,147,3,2,8,3,285,0.15,2023-02-27,462,21433225.00,331,99
164,147,3,2,8,3,400,0.2,2022-10-24,462,21433225.00,331,99
165,148,4,4,9,3,44,0.05,2023-02-01,536,21433225.00,331,99
166,149,3,9,12,3,142,0.1,2022-11-02,468,21433225.00,331,99
167,150,17,19,8,9,100,0.1,2022-11-02,92,446.00,9,97.8
168,151,21,9,4,10,100,0.05,2022-09-13,1800,2994000.00,68,99
169,152,3,26,4,3,64,0.12,2020-07-23,309,21433225.00,331,99
170,153,3,9,13,3,156,0.12,2022-11-02,2300,21433225.00,331,99
171,154,3,9,8,3,50,0.125,2022-12-06,302,21433225.00,331,99
172,154,3,9,8,3,100,0.33,2023-02-17,302,21433225.00,331,99
173,155,45,18,6,20,65,0.24,2022-12-20,50,372.00,6,98
174,156,13,18,8,3,40,0.1,2022-12-14,64,21433225.00,331,99
175,156,13,18,8,3,100,0.2,2022-07-13,64,21433225.00,331,99
176,157,48,3,8,13,65,0.13,2023-01-30,205,3845630.00,84,99
177,158,3,22,3,3,4100,0.05,2022-11-16,2,21433225.00,331,99
178,159,3,15,8,3,22,0.27,2023-01-20,64,21433225.00,331,99
179,160,46,3,8,6,191,0.3,2022-06-19,112,2875.00,1380,74.04
180,161,3,2,4,3,15,0.05,2022-07-22,328,21433225.00,331,99
181,162,4,27,6,3,154,0.22,2020-04-02,549,21433225.00,331,99
182,163,38,9,8,6,190,0.2,2022-09-16,140,2875.00,1380,74.04
183,164,2,9,2,2,17,0.08,2020-04-13,119,1647126.00,38,99
184,165,2,28,8,2,125,0.25,2022-07-29,681,1647126.00,38,99
185,165,2,9,8,2,50,0.3,2023-01-16,698,1647126.00,38,99
186,166,8,1,8,6,60,0.2,2020-04-16,76,2875.00,1380,74.04
187,167,49,13,8,3,60,0.07,2022-05-23,537,21433225.00,331,99
188,168,50,6,2,3,40,0.32,2020-04-09,59,21433225.00,331,99
189,169,3,8,5,3,40,0.08,2022-11-14,100,21433225.00,331,99
190,170,30,2,5,13,31,0.31,2023-01-18,47,3845630.00,84,99
191,171,2,7,2,2,76,0.22,2022-06-29,153,1647126.00,38,99
192,172,3,8,7,3,12,0.1,2023-03-02,20,21433225.00,331,99
193,173,51,15,2,3,25,0.05,2020-04-09,138,21433225.00,331,99
194,174,9,17,5,3,7,0.07,2020-04-02,2,21433225.00,331,99
195,175,15,6,8,3,24,0.14,2020-04-06,92,21433225.00,331,99
196,176,3,4,3,3,950,0.2,2023-01-10,549,21433225.00,331,99
197,176,3,4,3,3,1100,0.18,2022-06-14,549,21433225.00,331,99
198,177,26,4,5,11,10,0.2,2022-11-29,1,1392687.00,26,99
199,178,2,4,5,2,30,0.24,2022-07-27,98,1647126.00,38,99
200,179,13,1,5,3,40,0.3,2022-06-21,40,21433225.00,331,99
201,180,4,16,13,3,375,0.15,2020-03-23,1600,21433225.00,331,99
202,180,4,16,3,3,450,0.1,2022-06-14,1600,21433225.00,331,99
203,181,17,26,1,9,11,0.28,2022-09-12,17,446.00,9,97.8
204,182,3,15,3,3,221,0.08,2023-01-26,455,21433225.00,331,99
205,183,4,4,5,3,91,0.14,2020-04-20,10,21433225.00,331,99
206,183,4,4,4,3,100,0.11,2023-01-10,726,21433225.00,331,99
207,184,3,13,11,3,13,1,2020-03-26,5,21433225.00,331,99
208,185,52,17,4,4,140,0.35,2020-04-17,37,2085.00,213,93.2
209,186,4,2,3,3,16,0.37,2022-08-15,380,21433225.00,331,99
210,187,4,16,4,3,150,0.18,2020-03-23,280,21433225.00,331,99
211,188,9,20,6,3,90,0.07,2022-06-09,1100,21433225.00,331,99
212,189,23,9,2,3,30,0.2,2022-05-25,70,21433225.00,331,99
213,190,15,1,1,3,20,0.2,2020-04-01,16,21433225.00,331,99
214,191,3,9,9,3,22,0.14,2020-06-03,120,21433225.00,331,99
215,192,38,17,11,6,170,1,2022-06-30,3,2875.00,1380,74.04
216,193,39,16,8,3,24,0.22,2020-06-01,24,21433225.00,331,99
217,194,3,7,7,3,150,0.08,2020-05-14,5300,21433225.00,331,99
218,195,45,4,5,20,260,0.05,2022-06-10,156,372.00,6,98
219,195,45,4,5,20,2000,0.3,2022-10-06,156,372.00,6,98
220,196,22,29,3,3,62,0.09,2023-01-19,233,21433225.00,331,99
221,197,28,22,11,2,30,0.5,2020-03-20,7,1647126.00,38,99
222,198,26,26,6,11,36,0.08,2020-05-28,157,1392687.00,26,99
223,199,21,8,2,10,95,0.32,2020-05-01,102,2994000.00,68,99
224,200,38,27,4,6,800,0.16,2020-05-04,404,2875.00,1380,74.04
225,201,21,9,8,10,65,0.1,2022-06-01,182,2994000.00,68,99
226,202,6,1,7,3,400,0.1,2020-05-21,146,21433225.00,331,99
227,203,15,19,9,3,100,0.06,2022-06-01,750,21433225.00,331,99
228,203,15,19,9,3,200,0.17,2022-10-26,750,21433225.00,331,99
229,204,3,19,8,3,30,0.15,2022-12-08,153,21433225.00,331,99
230,205,3,22,4,3,34,0.13,2020-04-03,247,21433225.00,331,99
231,206,4,18,4,3,60,0.2,2022-02-10,120,21433225.00,331,99
232,207,28,4,4,3,134,0.22,2022-11-02,607,21433225.00,331,99
233,208,3,11,11,3,6,1,2020-06-23,3,21433225.00,331,99
234,209,17,9,2,9,30,0.18,2022-12-05,103,446.00,9,97.8
235,210,15,15,13,3,70,0.07,2022-05-11,1000,21433225.00,331,99
236,211,38,3,6,6,100,0.06,2023-01-27,390,2875.00,1380,74.04
237,212,3,3,8,3,669,1,2020-05-13,80,21433225.00,331,99
238,213,21,18,3,10,350,0.09,2023-02-09,1700,2994000.00,68,99
239,213,21,18,13,10,367,0.15,2020-04-28,1500,2994000.00,68,99
240,214,26,18,3,11,120,1,2022-11-15,1700,1392687.00,26,99
241,215,30,18,3,13,156,0.04,2023-01-30,9900,3845630.00,84,99
242,216,3,5,12,3,27,0.03,2022-09-07,143,21433225.00,331,99
243,217,24,26,2,11,60,0.3,2020-05-04,106,1392687.00,26,99
244,218,53,15,2,3,12,0.16,2020-06-02,58,21433225.00,331,99
245,219,54,1,2,3,5,0.14,2020-03-31,26,21433225.00,331,99
246,220,4,22,3,3,200,0.11,2023-02-15,491,21433225.00,331,99
247,221,13,7,2,3,57,0.36,2020-04-24,88,21433225.00,331,99
248,222,3,16,2,3,40,0.12,2022-09-27,180,21433225.00,331,99
249,223,5,9,10,4,190,0.12,2022-11-07,280,2085.00,213,93.2
250,224,21,2,11,10,8,0.8,2020-08-19,16,2994000.00,68,99
251,225,3,5,3,3,671,0.09,2022-09-28,536,21433225.00,331,99
252,225,3,5,3,3,680,0.1,2023-02-16,536,21433225.00,331,99
253,226,3,9,3,3,250,0.13,2022-08-04,679,21433225.00,331,99
254,226,3,9,3,3,310,0.15,2022-05-10,679,21433225.00,331,99
255,226,3,9,3,3,515,0.4,2022-12-06,679,21433225.00,331,99
256,227,3,17,4,3,150,0.19,2022-04-28,130,21433225.00,331,99
257,228,10,15,3,3,90,0.1,2020-04-09,689,21433225.00,331,99
258,229,3,18,3,3,1250,0.06,2022-11-30,2500,21433225.00,331,99
259,230,3,14,1,3,23,0.3,2022-07-26,22,21433225.00,331,99
260,231,15,12,3,3,140,0.04,2023-02-01,719,21433225.00,331,99
261,232,3,13,3,3,315,0.15,2021-01-13,1700,21433225.00,331,99
262,233,55,13,4,3,50,0.07,2022-06-06,603,21433225.00,331,99
263,234,3,26,6,3,35,0.19,2020-04-02,114,21433225.00,331,99
264,235,3,9,8,3,50,0.2,2020-04-01,190,21433225.00,331,99
265,236,3,20,1,3,50,0.25,2020-04-13,12,21433225.00,331,99
266,237,45,18,11,20,20,1,2020-08-08,1,372.00,6,98
267,238,56,9,5,4,62,0.08,2020-05-27,30,2085.00,213,93.2
268,238,56,9,2,4,340,0.2,2022-06-21,460,2085.00,213,93.2
269,239,3,3,3,3,500,0.04,2023-02-07,1200,21433225.00,331,99
270,240,2,25,8,2,47,0.1,2020-03-26,149,1647126.00,38,99
271,241,4,16,2,3,40,0.4,2020-04-08,40,21433225.00,331,99
272,242,47,22,3,3,95,0.1,2022-12-13,462,21433225.00,331,99
273,243,57,27,4,13,100,0.25,2020-04-02,109,3845630.00,84,99
274,244,4,13,4,3,141,0.25,2023-02-13,212,21433225.00,331,99
275,245,12,13,2,2,62,0.15,2020-05-04,257,1647126.00,38,99
276,246,17,8,5,9,60,0.15,2022-06-15,65,446.00,9,97.8
277,247,30,9,5,13,43,0.33,2022-10-21,30,3845630.00,84,99
278,248,3,7,3,3,230,0.7,2023-03-03,317,21433225.00,331,99
279,249,3,9,8,3,30,0.12,2022-10-25,142,21433225.00,331,99
280,250,13,1,2,3,30,0.18,2022-07-07,78,21433225.00,331,99
281,251,5,3,5,4,31,0.1,2023-01-20,14,2085.00,213,93.2
282,252,3,3,3,3,400,0.18,2022-06-30,310,21433225.00,331,99
283,253,3,26,2,3,58,0.3,2020-04-14,59,21433225.00,331,99
284,254,3,9,2,3,24,0.25,2023-02-08,85,21433225.00,331,99
285,254,3,9,2,3,25,0.2,2022-10-31,85,21433225.00,331,99
286,255,4,9,2,3,30,0.27,2022-10-31,11,21433225.00,331,99
287,256,7,13,3,5,8500,0.08,2023-02-24,663,554.00,10,99
288,257,3,19,2,3,30,0.17,2023-01-23,97,21433225.00,331,99
289,258,3,9,8,3,18,0.14,2020-06-05,106,21433225.00,331,99
290,258,3,9,4,3,40,0.12,2022-06-24,406,21433225.00,331,99
291,259,17,9,5,9,100,0.06,2022-07-05,322,446.00,9,97.8
292,260,24,2,8,3,50,0.2,2022-07-22,69,21433225.00,331,99
293,261,3,12,3,3,80,0.08,2023-02-28,557,21433225.00,331,99
294,261,3,12,3,3,500,0.45,2020-04-08,332,21433225.00,331,99
295,262,3,3,5,3,30,0.17,2023-01-05,176,21433225.00,331,99
296,263,58,4,5,3,59,0.22,2022-11-04,60,21433225.00,331,99
297,264,38,6,4,6,142,0.15,2023-01-17,87,2875.00,1380,74.04
298,265,39,29,10,3,24,0.03,2023-02-01,100,21433225.00,331,99
299,266,15,18,4,3,400,0.44,2020-04-07,319,21433225.00,331,99
300,267,40,10,2,6,80,0.2,2020-03-30,48,2875.00,1380,74.04
301,268,4,20,8,3,120,0.4,2022-07-13,336,21433225.00,331,99
302,269,5,3,4,4,260,0.3,2022-04-20,502,2085.00,213,93.2
303,270,3,3,13,3,84,0.07,2022-10-18,1700,21433225.00,331,99
304,271,40,20,6,6,250,0.3,2022-06-10,150,2875.00,1380,74.04
305,272,49,2,3,3,315,0.57,2023-01-09,1200,21433225.00,331,99
306,273,20,18,2,3,100,1,2022-10-28,35,21433225.00,331,99
307,274,27,19,2,3,16,0.2,2022-06-17,49,21433225.00,331,99
308,275,59,9,1,13,14,0.1,2022-06-30,22,3845630.00,84,99
309,276,4,4,6,3,30,0.05,2023-02-20,1000,21433225.00,331,99
310,277,60,27,1,6,30,0.11,2023-03-02,13,2875.00,1380,74.04
311,278,17,13,3,9,60,0.08,2022-07-26,111,446.00,9,97.8
312,279,3,20,6,3,640,0.2,2023-01-11,2400,21433225.00,331,99
313,280,3,8,5,3,24,0.21,2022-10-16,235,21433225.00,331,99
314,281,3,17,1,3,37,0.5,2021-08-24,14,21433225.00,331,99
315,282,9,16,8,3,200,0.2,2022-07-20,310,21433225.00,331,99
316,282,9,16,8,3,300,0.4,2022-11-09,310,21433225.00,331,99
317,283,61,1,11,3,4,0.2,2020-03-18,4,21433225.00,331,99
318,284,4,27,7,3,784,0.98,2020-03-20,120,21433225.00,331,99
319,285,15,9,6,3,60,0.12,2020-05-07,263,21433225.00,331,99
320,286,4,18,7,3,20,0.1,2022-04-08,176,21433225.00,331,99
321,286,4,18,7,3,21,0.15,2022-06-03,176,21433225.00,331,99
322,287,51,18,2,3,87,0.67,2020-03-24,20,21433225.00,331,99
323,288,3,19,3,3,100,0.1,2023-01-10,125,21433225.00,331,99
324,289,2,5,2,2,15,0.09,2022-07-20,58,1647126.00,38,99
325,290,30,20,4,3,60,0.08,2022-11-11,593,21433225.00,331,99
326,291,3,2,8,3,10,0.03,2020-04-20,100,21433225.00,331,99
327,292,16,20,4,3,60,0.08,2022-08-11,201,21433225.00,331,99
328,293,16,18,8,3,26,0.035,2022-09-23,166,21433225.00,331,99
329,294,21,9,5,10,45,0.15,2022-06-10,133,2994000.00,68,99
330,295,2,9,2,2,38,0.09,2020-04-21,75,1647126.00,38,99
331,296,3,6,3,3,90,0.02,2022-12-15,484,21433225.00,331,99
332,297,62,10,5,3,35,0.16,2020-04-10,3,21433225.00,331,99
333,298,38,17,1,6,130,0.75,2022-10-12,17,2875.00,1380,74.04
334,298,38,17,1,6,145,0.3,2022-05-27,17,2875.00,1380,74.04
335,299,3,9,8,3,14,0.15,2020-06-02,453,21433225.00,331,99
336,299,3,9,4,3,150,0.42,2022-10-25,553,21433225.00,331,99
337,300,45,9,2,20,65,0.18,2020-04-16,42,372.00,6,98
338,301,16,1,8,3,17,0.05,2020-06-30,101,21433225.00,331,99
339,302,3,12,2,3,30,0.33,2022-06-02,76,21433225.00,331,99
340,303,3,14,8,3,100,0.33,2022-11-01,148,21433225.00,331,99
341,304,4,4,5,3,100,0.1,2022-06-02,423,21433225.00,331,99
342,304,4,4,5,3,68,0.07,2022-07-18,423,21433225.00,331,99
343,305,3,7,4,3,100,0.25,2020-03-27,403,21433225.00,331,99
344,306,5,12,2,4,11,0.1,2020-04-08,16,2085.00,213,93.2
345,307,30,10,6,13,90,0.17,2020-10-14,656,3845630.00,84,99
346,308,3,11,3,3,130,0.07,2023-02-09,413,21433225.00,331,99
347,309,63,11,1,13,21,0.28,2023-01-24,41,3845630.00,84,99
348,310,3,14,7,3,300,0.3,2020-05-07,204,21433225.00,331,99
349,311,45,26,4,20,198,0.18,2022-12-08,82,372.00,6,98
350,312,4,11,1,3,18,0.36,2020-05-21,30,21433225.00,331,99
351,313,4,12,6,3,80,0.33,2022-01-26,266,21433225.00,331,99
352,313,4,3,6,3,19,0.08,2022-08-02,266,21433225.00,331,99
353,313,4,3,4,3,150,0.38,2020-08-07,186,21433225.00,331,99
354,314,64,18,7,21,250,0.06,2023-01-30,1200,1392825.00,47,99
355,315,45,9,5,20,22,0.11,2020-09-01,97,372.00,6,98
356,316,2,20,8,2,55,0.05,2023-01-10,178,1647126.00,38,99
357,317,47,1,3,3,530,0.08,2023-02-08,800,21433225.00,331,99
358,318,16,2,3,3,800,0.2,2022-08-09,75,21433225.00,331,99
359,319,11,7,9,7,430,0.09,2020-06-23,4800,1150.00,274,94.6
360,320,3,5,6,3,80,0.07,2023-02-08,583,21433225.00,331,99
361,321,13,2,3,3,140,0.16,2022-08-31,910,21433225.00,331,99
362,322,3,12,3,3,12000,0.06,2023-01-20,26,21433225.00,331,99
363,323,3,12,3,3,200,0.2,2020-04-15,288,21433225.00,331,99
364,324,65,18,12,3,450,0.03,2022-03-29,3400,21433225.00,331,99
365,324,65,18,12,3,1500,0.1,2022-07-12,3400,21433225.00,331,99
366,325,30,18,8,13,300,0.5,2022-05-24,1300,3845630.00,84,99
367,326,36,3,2,3,23,0.2,2020-03-26,47,21433225.00,331,99
368,327,11,7,3,7,1300,0.12,2022-11-10,1300,1150.00,274,94.6
369,328,45,7,14,20,360,0.05,2020-06-16,9900,372.00,6,98
370,329,13,15,5,3,20,0.4,2020-03-23,7,21433225.00,331,99
371,330,4,14,4,3,120,0.28,2020-04-17,110,21433225.00,331,99
372,331,66,9,4,3,104,0.21,2023-01-12,556,21433225.00,331,99
373,332,54,1,2,3,60,0.13,2022-11-30,145,21433225.00,331,99
374,333,4,8,5,3,50,0.07,2020-04-07,190,21433225.00,331,99
375,334,16,3,3,3,500,0.15,2022-08-08,1400,21433225.00,331,99
376,334,16,3,3,3,2800,0.44,2020-04-13,1400,21433225.00,331,99
377,335,30,3,5,3,40,0.1,2022-12-07,2300,21433225.00,331,99
378,336,3,2,3,3,130,0.07,2023-01-25,550,21433225.00,331,99
379,337,13,1,4,3,90,0.25,2020-04-20,58,21433225.00,331,99
380,338,3,26,6,3,126,0.05,2023-02-08,746,21433225.00,331,99
381,339,5,27,4,4,467,0.33,2020-04-03,300,2085.00,213,93.2
382,340,13,9,4,3,158,0.34,2022-11-30,191,21433225.00,331,99
383,341,5,9,8,4,58,0.5,2022-08-01,58,2085.00,213,93.2
384,342,13,2,5,3,50,0.04,2022-12-14,215,21433225.00,331,99
385,343,24,2,2,11,18,0.5,2022-06-28,20,1392687.00,26,99
386,344,22,6,11,3,16,1,2020-03-16,6,21433225.00,331,99
387,345,21,3,5,3,24,0.2,2022-07-15,265,21433225.00,331,99
388,346,17,26,1,9,70,0.3,2020-03-30,45,446.00,9,97.8
389,347,30,8,1,13,51,0.25,2020-04-01,9,3845630.00,84,99
390,348,9,5,9,3,100,0.1,2023-02-02,644,21433225.00,331,99
391,349,3,9,3,3,70,0.1,2022-08-31,1300,21433225.00,331,99
392,350,16,14,4,3,36,0.17,2020-05-12,52,21433225.00,331,99
393,351,16,22,2,3,80,0.4,2022-06-09,82,21433225.00,331,99
394,352,36,16,7,3,18,0.13,2022-12-19,4,21433225.00,331,99
395,353,10,16,2,3,40,0.13,2022-10-04,35,21433225.00,331,99
396,353,10,16,2,3,119,0.29,2022-02-14,35,21433225.00,331,99
397,354,45,12,5,20,250,1,2020-03-27,95,372.00,6,98
398,355,28,1,8,2,50,0.05,2022-11-01,300,1647126.00,38,99
399,355,28,1,8,2,70,0.07,2023-01-18,300,1647126.00,38,99
400,355,28,1,8,2,400,0.3,2022-08-09,300,1647126.00,38,99
401,356,21,13,4,3,138,0.12,2022-02-10,1000,21433225.00,331,99
402,356,21,13,4,10,242,0.29,2022-07-11,1000,2994000.00,68,99
403,357,13,7,5,3,8,0.1,2020-03-13,45,21433225.00,331,99
404,358,30,10,2,13,15,0.25,2020-04-24,30,3845630.00,84,99
405,359,67,1,8,4,227,0.12,2022-10-20,127,2085.00,213,93.2
406,360,3,12,6,3,95,0.08,2022-12-07,613,21433225.00,331,99
407,360,3,12,6,3,155,0.1,2020-04-21,613,21433225.00,331,99
408,361,2,3,2,2,45,1,2021-02-01,61,1647126.00,38,99
409,362,3,1,2,3,45,0.12,2022-07-12,153,21433225.00,331,99
410,362,3,13,2,3,115,0.35,2023-01-19,153,21433225.00,331,99
411,363,15,1,3,3,500,0.07,2023-01-31,100,21433225.00,331,99
412,364,68,4,5,22,275,0.2,2023-01-06,2,14140163.00,1439,96.8
413,364,68,4,5,22,300,0.3,2022-06-28,2,14140163.00,1439,96.8
414,365,4,15,6,3,100,0.25,2022-03-03,289,21433225.00,331,99
415,366,36,3,4,3,87,0.15,2020-04-07,85,21433225.00,331,99
416,367,69,27,10,3,300,0.2,2022-11-14,200,21433225.00,331,99
417,368,70,12,5,23,50,0.12,2020-04-04,348,336.00,32,94.6
418,369,5,18,15,4,355,0.06,2023-03-01,2100,2085.00,213,93.2
419,370,3,7,1,3,10,0.14,2020-04-22,52,21433225.00,331,99
420,371,49,2,3,3,500,0.05,2022-11-14,28,21433225.00,331,99
421,372,71,19,8,10,38,0.1,2022-08-30,123,2994000.00,68,99
422,373,24,4,8,11,20,0.06,2022-07-26,279,1392687.00,26,99
423,374,21,10,2,10,30,0.35,2022-06-01,32,2994000.00,68,99
424,375,3,18,12,3,50,0.06,2022-10-06,1900,21433225.00,331,99
425,376,3,18,12,3,140,0.2,2023-01-30,1900,21433225.00,331,99
426,377,3,2,1,3,9,0.4,2020-04-01,15,21433225.00,331,99
427,378,24,9,2,11,40,0.17,2022-07-26,41,1392687.00,26,99
428,379,4,16,4,3,90,0.2,2020-04-02,222,21433225.00,331,99
429,380,30,13,4,13,50,0.05,2022-09-14,604,3845630.00,84,99
430,380,30,13,4,13,500,0.5,2022-11-28,604,3845630.00,84,99
431,381,3,15,4,3,65,0.27,2022-11-10,119,21433225.00,331,99
432,382,21,19,2,10,20,0.12,2022-10-19,88,2994000.00,68,99
433,383,3,2,6,3,90,0.08,2022-09-01,379,21433225.00,331,99
434,383,3,2,6,3,245,0.15,2023-01-24,379,21433225.00,331,99
435,384,4,1,3,3,40,0.1,2023-01-23,295,21433225.00,331,99
436,385,36,10,3,3,109,0.12,2023-01-18,179,21433225.00,331,99
437,385,36,10,8,3,130,0.22,2020-03-16,79,21433225.00,331,99
438,386,38,9,5,6,6,0.06,2020-04-02,8,2875.00,1380,74.04
439,387,10,17,7,3,150,0.12,2020-05-27,89,21433225.00,331,99
440,388,4,1,7,3,70,0.1,2020-05-14,116,21433225.00,331,99
441,388,4,1,7,3,120,0.13,2022-12-07,116,21433225.00,331,99
442,389,3,6,4,3,39,0.06,2020-05-20,240,21433225.00,331,99
443,389,3,6,4,3,49,0.05,2022-09-07,240,21433225.00,331,99
444,389,3,6,4,3,124,0.13,2022-11-14,240,21433225.00,331,99
445,390,72,5,8,2,57,0.16,2022-07-20,125,1647126.00,38,99
446,391,3,9,3,3,715,0.07,2020-06-22,18,21433225.00,331,99
447,392,73,3,5,4,70,0.18,2022-07-13,23,2085.00,213,93.2
448,393,70,3,5,23,50,0.2,2022-06-08,26,336.00,32,94.6
449,394,4,18,11,3,9,0.5,2020-03-30,15,21433225.00,331,99
450,395,3,12,8,3,25,0.25,2022-06-02,197,21433225.00,331,99
451,396,15,12,7,3,85,0.07,2023-02-13,30,21433225.00,331,99
452,396,15,12,7,3,140,0.1,2022-08-05,30,21433225.00,331,99
453,397,3,18,8,3,50,0.5,2022-11-02,103,21433225.00,331,99
454,398,6,19,3,3,55,0.17,2022-06-22,410,21433225.00,331,99
455,398,6,19,3,3,90,0.35,2022-06-22,410,21433225.00,331,99
456,399,13,12,5,3,200,0.17,2022-08-04,652,21433225.00,331,99
457,400,39,11,5,3,12,0.05,2020-03-25,233,21433225.00,331,99
458,401,11,3,3,7,200,0.3,2022-12-14,5100,1150.00,274,94.6
459,402,9,16,1,3,20,0.2,2020-04-27,24,21433225.00,331,99
460,403,4,9,2,3,35,0.4,2020-04-03,40,21433225.00,331,99
461,404,59,13,5,13,50,0.16,2022-11-15,28,3845630.00,84,99
462,405,16,12,5,3,6,0.21,2020-04-24,12,21433225.00,331,99
463,406,15,14,10,3,39,0.2,2020-04-02,118,21433225.00,331,99
464,407,4,18,2,3,50,0.05,2022-06-16,430,21433225.00,331,99
465,408,74,3,3,24,900,0.2,2022-11-21,1200,450.00,206,59.6
466,409,3,19,10,3,100,0.06,2023-01-11,205,21433225.00,331,99
467,410,4,7,7,3,500,1,2020-05-07,11,21433225.00,331,99
468,411,61,19,9,3,100,0.12,2023-01-18,416,21433225.00,331,99
469,412,75,9,5,5,72,0.33,2022-11-17,281,554.00,10,99
470,413,3,12,5,3,900,0.3,2020-05-05,1500,21433225.00,331,99
471,414,3,12,7,3,35,0.07,2022-11-09,244,21433225.00,331,99
472,415,4,8,3,3,75,0.11,2023-01-04,166,21433225.00,331,99
473,416,3,24,4,3,240,0.03,2020-04-02,1200,21433225.00,331,99
474,416,3,24,6,3,400,0.07,2020-06-29,1300,21433225.00,331,99
475,416,3,24,5,3,2434,1,2021-06-01,1600,21433225.00,331,99
476,417,76,10,7,3,160,0.08,2020-04-29,229,21433225.00,331,99
477,418,3,20,4,3,349,0.18,2020-03-31,227,21433225.00,331,99
478,419,5,14,5,4,18,0.16,2020-04-08,23,2085.00,213,93.2
479,420,22,5,10,3,120,0.1,2022-10-21,138,21433225.00,331,99
480,421,3,16,6,3,39,0.07,2022-07-14,240,21433225.00,331,99
481,422,4,9,5,3,25,0.18,2020-05-13,10,21433225.00,331,99
482,423,24,13,11,11,8,0.28,2023-02-20,10,1392687.00,26,99
483,424,33,18,8,3,93,0.1,2022-11-21,804,21433225.00,331,99
484,425,3,21,5,3,100,1,2022-09-21,1,21433225.00,331,99
485,426,7,9,5,5,700,0.1,2022-05-23,3700,554.00,10,99
486,427,43,10,4,19,300,0.15,2020-04-20,521,365.00,8,94.3
487,428,4,16,5,3,115,0.46,2022-03-15,654,21433225.00,331,99
488,429,4,16,8,3,20,0.08,2020-10-29,560,21433225.00,331,99
489,429,4,16,8,3,127,0.3,2020-03-27,560,21433225.00,331,99
490,430,3,7,1,3,15,0.2,2020-04-15,40,21433225.00,331,99
491,431,2,9,4,2,15,0.04,2022-11-17,278,1647126.00,38,99
492,432,11,9,5,7,70,0.08,2022-11-04,180,1150.00,274,94.6
493,433,3,2,8,3,23,0.09,2020-04-20,50,21433225.00,331,99
494,433,3,2,6,3,78,0.09,2022-12-13,514,21433225.00,331,99
495,434,30,9,2,13,50,0.25,2022-05-25,53,3845630.00,84,99
496,435,3,4,5,3,1100,0.3,2022-11-30,134,21433225.00,331,99
497,436,7,2,4,5,100,0.1,2022-05-17,568,554.00,10,99
498,436,7,2,4,5,300,0.1,2022-10-31,568,554.00,10,99
499,437,74,9,2,24,23,0.05,2022-09-02,91,450.00,206,59.6
500,438,77,9,2,17,90,0.3,2020-04-20,38,1247000.00,129,95
501,439,3,19,4,3,300,0.2,2022-05-25,1900,21433225.00,331,99
502,440,3,9,8,3,13,0.25,2020-03-23,94,21433225.00,331,99
503,441,3,19,8,3,50,0.4,2020-06-04,52,21433225.00,331,99
504,442,4,19,3,3,30,0.06,2022-05-10,342,21433225.00,331,99
505,442,4,19,3,3,115,0.37,2022-08-02,342,21433225.00,331,99
506,442,4,19,3,3,130,0.28,2022-05-20,342,21433225.00,331,99
507,443,3,26,8,3,16,0.1,2020-05-15,49,21433225.00,331,99
508,444,17,29,8,9,30,0.33,2022-09-06,41,446.00,9,97.8
509,445,8,17,6,6,80,0.04,2022-08-04,166,2875.00,1380,74.04
510,446,4,13,8,3,80,0.31,2022-12-15,379,21433225.00,331,99
511,447,9,3,3,3,56,0.21,2022-10-18,71,21433225.00,331,99
512,447,9,3,7,3,91,0.5,2020-03-23,2,21433225.00,331,99
513,448,1,17,10,1,27,0.09,2023-02-07,56,574.00,5,99
514,449,28,8,3,2,23,0.38,2022-04-04,3,1647126.00,38,99
515,450,42,4,1,18,100,0.38,2022-11-24,17,494.00,45,98
516,451,3,9,3,3,225,0.14,2023-01-12,392,21433225.00,331,99
517,451,3,9,3,3,460,0.3,2020-04-21,392,21433225.00,331,99
518,452,78,9,5,6,500,0.5,2020-05-15,200,2875.00,1380,74.04
519,453,30,13,1,13,18,0.15,2022-07-04,90,3845630.00,84,99
520,454,4,16,2,3,30,0.3,2022-12-07,114,21433225.00,331,99
521,455,3,14,8,3,86,0.4,2020-04-08,72,21433225.00,331,99
522,456,3,1,7,3,130,0.15,2022-11-09,6,21433225.00,331,99
523,457,9,9,2,3,18,0.22,2020-04-24,15,21433225.00,331,99
524,457,9,9,2,3,22,0.49,2020-07-20,15,21433225.00,331,99
525,458,17,9,2,9,20,0.25,2023-02-05,42,446.00,9,97.8
526,459,79,12,4,9,80,0.12,2022-07-04,335,446.00,9,97.8
527,460,12,3,3,2,300,0.1,2023-01-17,1200,1647126.00,38,99
528,461,3,7,4,3,80,0.13,2020-04-29,765,21433225.00,331,99
529,462,3,14,7,3,960,0.06,2020-07-21,154,21433225.00,331,99
530,463,80,1,11,25,35,0.35,2022-10-11,2,306.00,6,99
531,464,26,12,5,11,50,0.17,2022-08-09,165,1392687.00,26,99
532,465,4,9,8,3,27,0.18,2022-12-07,115,21433225.00,331,99
533,466,5,18,4,4,100,0.15,2022-02-16,118,2085.00,213,93.2
534,467,4,6,3,3,193,0.11,2022-09-15,42,21433225.00,331,99
535,468,38,3,4,6,450,0.15,2020-05-19,157,2875.00,1380,74.04
536,469,5,16,8,4,47,0.1,2020-04-17,263,2085.00,213,93.2
537,469,5,16,5,4,312,0.12,2022-12-07,788,2085.00,213,93.2
538,469,5,16,5,4,340,0.15,2023-03-03,788,2085.00,213,93.2
539,469,5,16,5,4,384,0.12,2022-07-05,788,2085.00,213,93.2
540,470,9,16,1,3,32,0.6,2020-05-29,17,21433225.00,331,99
541,471,4,16,1,3,25,0.75,2020-03-30,18,21433225.00,331,99
542,472,5,20,9,4,300,0.07,2023-02-06,507,2085.00,213,93.2
543,472,5,20,9,4,500,0.15,2022-08-08,507,2085.00,213,93.2
544,473,81,13,2,3,76,0.23,2022-11-16,56,21433225.00,331,99
545,474,3,11,8,3,23,0.11,2022-10-20,203,21433225.00,331,99
546,474,3,11,8,3,34,0.14,2022-06-01,203,21433225.00,331,99
547,475,6,9,1,3,15,0.2,2022-08-24,24,21433225.00,331,99
548,476,2,5,1,2,11,0.08,2020-05-04,11,1647126.00,38,99
549,477,21,1,5,10,8,0.04,2020-04-09,32,2994000.00,68,99
550,478,4,18,2,3,60,0.33,2022-07-21,72,21433225.00,331,99
551,479,21,4,7,10,330,0.35,2023-01-25,13,2994000.00,68,99
552,480,4,1,2,3,30,0.1,2022-07-18,245,21433225.00,331,99
553,481,3,7,3,3,60,0.02,2022-07-20,4900,21433225.00,331,99
554,481,3,7,3,3,700,0.13,2022-11-03,4900,21433225.00,331,99
555,481,3,7,3,3,982,0.17,2020-04-29,4900,21433225.00,331,99
556,482,21,3,5,10,50,0.25,2022-11-29,144,2994000.00,68,99
557,483,56,3,6,4,60,0.03,2022-08-09,338,2085.00,213,93.2
558,484,82,12,6,3,1000,0.5,2020-04-22,2600,21433225.00,331,99
559,485,3,9,1,3,45,0.3,2022-05-04,64,21433225.00,331,99
560,486,46,10,3,6,350,0.1,2020-06-01,548,2875.00,1380,74.04
561,486,40,10,3,6,350,0.1,2020-08-31,548,2875.00,1380,74.04
562,487,3,19,2,3,125,0.14,2022-08-17,80,21433225.00,331,99
563,488,83,3,1,26,54,0.09,2022-08-11,42,100.00,54,81.5
564,489,3,17,6,3,120,0.2,2022-06-22,461,21433225.00,331,99
565,490,45,4,8,20,29,0.1,2023-01-27,100,372.00,6,98
566,491,3,15,4,3,90,0.34,2020-04-09,114,21433225.00,331,99
567,492,9,8,3,3,31,0.09,2020-03-30,77,21433225.00,331,99
568,493,4,1,10,3,53,0.08,2020-04-07,607,21433225.00,331,99
569,494,25,13,8,12,350,0.5,2022-05-09,293,2715518.00,65,99
570,495,38,3,4,6,200,0.28,2020-04-08,215,2875.00,1380,74.04
571,496,2,3,2,2,36,0.15,2020-04-09,28,1647126.00,38,99
572,496,2,3,2,2,50,0.1,2022-08-05,28,1647126.00,38,99
573,497,52,5,5,4,51,0.4,2020-05-13,2,2085.00,213,93.2
574,498,3,12,3,3,11000,0.13,2022-11-09,26000,21433225.00,331,99
575,499,24,1,2,11,75,1,2022-07-31,18,1392687.00,26,99
576,500,3,9,7,3,60,0.2,2022-07-28,510,21433225.00,331,99
577,500,3,9,6,3,100,0.33,2020-04-06,293,21433225.00,331,99
578,501,38,2,8,6,600,0.75,2022-05-21,97,2875.00,1380,74.04
579,502,9,13,3,3,10000,0.05,2023-01-18,1,21433225.00,331,99
580,503,84,27,3,3,400,0.15,2022-10-26,114,21433225.00,331,99
581,503,84,27,3,3,700,0.35,2020-04-02,114,21433225.00,331,99
582,504,3,3,6,3,147,0.37,2020-04-03,297,21433225.00,331,99
583,505,21,8,14,10,50,0.1,2023-01-08,160,2994000.00,68,99
584,506,3,13,8,3,119,0.07,2023-02-02,476,21433225.00,331,99
585,507,65,18,8,3,649,0.33,2023-02-09,526,21433225.00,331,99
586,508,3,15,2,3,65,0.19,2020-05-12,77,21433225.00,331,99
587,509,38,12,6,6,100,0.1,2022-05-30,375,2875.00,1380,74.04
588,510,45,3,9,20,40,0.02,2023-01-05,472,372.00,6,98
589,511,28,9,3,2,78,0.3,2020-03-27,201,1647126.00,38,99
590,512,11,7,2,7,360,0.11,2023-02-12,138,1150.00,274,94.6
591,513,3,1,3,3,180,0.11,2022-10-10,1100,21433225.00,331,99
592,514,21,9,9,10,120,0.08,2020-06-03,324,2994000.00,68,99
593,515,30,28,2,13,70,0.15,2022-09-23,150,3845630.00,84,99
594,516,3,7,9,3,237,0.06,2022-12-07,567,21433225.00,331,99
595,517,85,6,11,4,33,0.25,2020-04-20,1,2085.00,213,93.2
596,518,3,12,5,3,250,0.25,2020-08-11,2,21433225.00,331,99
597,519,3,11,8,3,90,0.1,2022-05-05,192,21433225.00,331,99
598,520,3,22,4,3,40,0.2,2022-09-29,173,21433225.00,331,99
599,521,38,13,2,6,200,0.3,2023-02-20,79,2875.00,1380,74.04
600,522,4,9,4,3,9,0.01,2020-05-08,782,21433225.00,331,99
601,523,4,26,6,3,110,0.4,2020-05-01,217,21433225.00,331,99
602,524,17,1,8,3,20,0.15,2023-01-23,69,21433225.00,331,99
603,524,17,1,8,3,25,0.15,2022-11-09,69,21433225.00,331,99
604,525,4,3,1,3,30,0.2,2022-06-30,47,21433225.00,331,99
605,526,38,9,10,6,40,0.25,2020-06-17,582,2875.00,1380,74.04
606,527,86,9,3,3,100,0.07,2023-01-18,1100,21433225.00,331,99
607,528,5,9,2,4,70,0.1,2020-04-13,120,2085.00,213,93.2
608,528,5,9,4,4,210,0.09,2023-02-15,720,2085.00,213,93.2
609,529,3,8,3,3,150,0.01,2022-05-17,121900,21433225.00,331,99
610,529,3,8,3,3,300,0.03,2022-06-23,121900,21433225.00,331,99
611,530,3,11,4,3,48,0.16,2022-12-01,212,21433225.00,331,99
612,531,3,22,3,3,110,0.05,2022-08-18,214,21433225.00,331,99
613,531,3,22,3,3,160,0.07,2021-04-06,215,21433225.00,331,99
614,532,3,9,6,3,150,0.17,2022-07-07,881,21433225.00,331,99
615,533,3,12,4,3,85,0.08,2022-06-29,770,21433225.00,331,99
616,534,4,2,5,3,119,0.17,2023-02-09,218,21433225.00,331,99
617,535,4,2,9,3,500,0.1,2022-10-11,657,21433225.00,331,99
618,536,15,29,4,3,110,0.25,2022-06-15,213,21433225.00,331,99
619,537,87,15,1,3,240,0.95,2020-09-11,158,21433225.00,331,99
620,538,17,19,11,9,100,0.14,2022-08-21,1,446.00,9,97.8
621,539,88,9,2,27,62,0.5,2020-05-07,78,824.00,9,99
622,540,15,15,5,3,20,0.29,2020-04-10,85,21433225.00,331,99
623,541,30,9,2,13,45,0.2,2022-05-25,42,3845630.00,84,99
624,542,3,7,4,3,300,0.2,2022-11-18,2100,21433225.00,331,99
625,543,3,22,3,3,270,0.04,2022-08-09,1100,21433225.00,331,99
626,544,4,4,10,3,110,0.33,2022-09-22,1400,21433225.00,331,99
627,545,3,11,8,3,80,0.25,2022-08-02,175,21433225.00,331,99
628,546,89,4,1,3,20,0.48,2022-11-10,11,21433225.00,331,99
629,547,90,18,5,5,70,0.18,2022-11-01,377,554.00,10,99
630,547,90,18,5,28,70,0.06,2022-11-01,479,403.00,5,99
631,547,90,18,5,28,70,0.18,2022-11-01,477,403.00,5,99
632,548,3,19,3,3,300,0.05,2023-02-02,1200,21433225.00,331,99
633,549,38,7,16,6,1400,0.35,2020-05-20,3800,2875.00,1380,74.04
634,550,27,2,12,3,450,0.31,2022-07-19,856,21433225.00,331,99
635,551,27,2,12,3,215,0.35,2023-02-09,856,21433225.00,331,99
636,552,5,9,2,4,136,0.31,2020-04-09,26,2085.00,213,93.2
637,553,3,17,1,3,72,0.25,2022-05-05,20,21433225.00,331,99
638,553,3,17,1,3,73,0.33,2022-08-04,20,21433225.00,331,99
639,554,30,1,4,13,62,0.115,2022-12-09,442,3845630.00,84,99
640,554,30,1,4,13,150,0.32,2023-02-23,442,3845630.00,84,99
641,555,66,29,2,3,150,0.1,2020-04-09,410,21433225.00,331,99
642,555,66,19,8,3,950,0.25,2022-06-09,926,21433225.00,331,99
643,556,21,21,5,10,451,0.85,2020-03-27,3000,2994000.00,68,99
644,557,2,2,1,2,18,0.25,2020-04-03,24,1647126.00,38,99
645,558,3,16,3,3,550,0.18,2022-11-02,1900,21433225.00,331,99
646,558,3,16,6,3,600,0.35,2020-04-15,1500,21433225.00,331,99
647,559,26,9,3,11,83,1,2023-02-07,299,1392687.00,26,99
648,560,17,8,6,9,14,0.05,2022-06-15,223,446.00,9,97.8
649,561,13,1,5,3,35,0.15,2020-04-28,70,21433225.00,331,99
650,562,3,9,3,3,155,0.1,2023-02-09,566,21433225.00,331,99
651,563,3,1,4,3,60,0.15,2020-07-15,251,21433225.00,331,99
652,564,79,2,5,9,62,0.16,2022-10-23,86,446.00,9,97.8
653,565,43,9,2,19,400,0.2,2020-05-04,175,365.00,8,94.3
654,566,4,2,5,3,70,0.05,2020-04-23,1300,21433225.00,331,99
655,567,17,7,3,9,80,0.5,2022-12-08,231,446.00,9,97.8
656,568,22,1,8,3,52,0.28,2020-03-25,48,21433225.00,331,99
657,569,4,1,3,3,38,0.03,2022-07-26,394,21433225.00,331,99
658,570,9,5,13,3,60,0.05,2022-08-02,489,21433225.00,331,99
659,570,9,5,13,3,70,0.07,2023-02-27,489,21433225.00,331,99
660,571,3,17,4,3,31,0.18,2022-07-05,240,21433225.00,331,99
661,571,3,17,4,3,43,0.25,2022-12-10,240,21433225.00,331,99
662,572,61,8,2,3,87,0.15,2022-05-20,174,21433225.00,331,99
663,573,4,8,2,3,30,0.23,2020-03-25,35,21433225.00,331,99
664,574,4,19,6,3,170,0.17,2022-11-15,507,21433225.00,331,99
665,575,40,7,5,6,40,0.2,2022-06-29,13,2875.00,1380,74.04
666,576,3,16,8,3,100,0.3,2022-10-11,217,21433225.00,331,99
667,577,4,3,5,3,138,0.2,2022-08-23,472,21433225.00,331,99
668,578,4,9,3,3,140,0.2,2023-01-18,571,21433225.00,331,99
669,579,46,9,13,6,1500,0.5,2020-06-16,496,2875.00,1380,74.04
670,580,36,15,3,3,75,0.02,2023-02-27,3000,21433225.00,331,99
671,581,3,12,11,3,6,0.75,2020-03-13,1,21433225.00,331,99
672,582,41,12,2,3,60,0.75,2023-01-10,36,21433225.00,331,99
673,583,3,26,8,3,40,0.25,2020-04-15,72,21433225.00,331,99
674,584,2,5,2,2,40,0.2,2023-01-24,36,1647126.00,38,99
675,585,13,2,2,3,100,0.2,2020-04-01,75,21433225.00,331,99
676,586,3,8,4,3,30,0.13,2020-04-21,165,21433225.00,331,99
677,586,3,8,9,3,80,0.17,2022-09-13,413,21433225.00,331,99
678,587,3,22,4,3,96,0.96,2022-10-10,103,21433225.00,331,99
679,588,25,26,6,12,200,0.2,2023-03-01,495,2715518.00,65,99
680,589,3,9,2,3,27,0.25,2020-04-28,71,21433225.00,331,99
681,590,3,9,3,3,2000,0.07,2023-01-31,216,21433225.00,331,99
682,591,15,2,3,3,59,0.22,2022-11-14,409,21433225.00,331,99
683,591,15,2,3,3,59,0.22,2022-11-16,409,21433225.00,331,99
684,592,15,2,3,3,25,0.09,2022-07-25,409,21433225.00,331,99
685,593,17,15,8,9,30,0.25,2023-01-05,116,446.00,9,97.8
686,594,3,16,2,3,41,0.75,2020-03-26,34,21433225.00,331,99
687,595,13,9,8,3,51,0.3,2020-03-30,110,21433225.00,331,99
688,596,4,27,3,3,500,0.12,2022-10-06,1900,21433225.00,331,99
689,596,4,27,3,3,784,0.13,2022-08-12,1900,21433225.00,331,99
690,596,4,27,3,3,2800,0.2,2022-02-08,1900,21433225.00,331,99
691,597,91,11,9,3,45,0.05,2022-09-07,469,21433225.00,331,99
692,598,3,1,8,3,30,0.18,2020-04-17,100,21433225.00,331,99
693,599,17,19,8,9,20,0.08,2022-12-06,165,446.00,9,97.8
694,600,17,1,3,9,20,0.05,2022-08-08,76,446.00,9,97.8
695,601,16,26,10,3,10,0.1,2020-04-06,50,21433225.00,331,99
696,602,21,1,8,10,30,0.12,2022-08-10,105,2994000.00,68,99
697,603,4,6,10,3,30,0.08,2023-01-05,178,21433225.00,331,99
698,604,19,10,1,6,70,0.35,2020-05-21,3,2875.00,1380,74.04
699,605,3,13,7,3,400,0.2,2023-02-16,62,21433225.00,331,99
700,606,82,12,8,3,90,0.08,2022-05-17,195,21433225.00,331,99
701,607,5,9,2,4,111,0.39,2023-01-12,42,2085.00,213,93.2
702,608,92,5,10,29,143,0.15,2022-11-14,90,32.00,1,99
703,609,93,19,5,3,22,0.13,2022-06-23,19,21433225.00,331,99
704,610,30,1,2,13,59,0.3,2022-09-14,137,3845630.00,84,99
705,611,3,9,4,3,260,0.2,2022-12-07,734,21433225.00,331,99
706,612,30,13,7,13,200,1,2022-11-04,5,3845630.00,84,99
707,613,3,26,11,3,29,0.5,2022-08-23,3,21433225.00,331,99
708,614,4,12,7,3,65,1,2022-10-13,10,21433225.00,331,99
709,615,80,9,8,3,150,0.15,2022-11-03,428,21433225.00,331,99
710,616,17,15,4,9,12,0.09,2022-08-16,205,446.00,9,97.8
711,617,38,2,1,6,36,0.1,2022-11-09,20,2875.00,1380,74.04
712,618,10,17,7,3,400,0.2,2022-12-12,192,21433225.00,331,99
713,619,8,8,5,6,50,0.25,2023-02-06,19,2875.00,1380,74.04
714,620,45,1,5,20,21,1,2021-01-20,20,372.00,6,98
715,621,4,9,6,3,170,0.25,2022-06-02,286,21433225.00,331,99
716,622,21,10,2,10,69,0.31,2020-05-19,88,2994000.00,68,99
717,622,21,10,8,10,200,0.33,2022-05-10,238,2994000.00,68,99
718,623,94,9,8,3,47,0.15,2022-12-02,184,21433225.00,331,99
719,624,38,4,5,6,100,0.2,2023-02-21,451,2875.00,1380,74.04
720,625,95,3,5,30,55,0.08,2022-09-08,120,543.00,70,93.5
721,626,3,18,7,3,180,0.15,2021-01-23,763,21433225.00,331,99
722,627,15,17,8,3,26,0.05,2022-06-09,100,21433225.00,331,99
723,628,21,9,2,10,85,0.33,2022-12-09,73,2994000.00,68,99
724,629,13,24,5,3,180,0.09,2020-07-28,649,21433225.00,331,99
725,630,16,20,5,3,63,0.05,2022-07-15,817,21433225.00,331,99
726,631,3,4,5,3,89,0.2,2023-02-03,10,21433225.00,331,99
727,632,39,22,9,3,50,0.1,2020-03-26,149,21433225.00,331,99
728,633,2,13,8,2,50,0.08,2022-08-23,91,1647126.00,38,99
729,634,10,13,3,3,270,0.05,2023-01-11,400,21433225.00,331,99
730,635,30,18,7,13,87,0.2,2021-02-03,39,3845630.00,84,99
731,636,3,1,8,3,30,0.05,2020-04-08,65,21433225.00,331,99
732,636,3,1,8,3,40,0.06,2022-07-29,65,21433225.00,331,99
733,637,15,2,3,3,130,0.25,2022-08-09,533,21433225.00,331,99
734,638,5,9,1,4,28,0.22,2022-07-22,15,2085.00,213,93.2
735,639,74,4,5,24,20,0.2,2022-11-24,3,450.00,206,59.6
736,640,5,16,4,4,88,0.08,2020-04-17,335,2085.00,213,93.2
737,640,5,16,6,4,160,0.04,2022-04-19,755,2085.00,213,93.2
738,641,9,15,6,3,80,0.19,2022-06-29,347,21433225.00,331,99
739,642,9,7,4,3,63,0.1,2022-07-21,329,21433225.00,331,99
740,642,9,7,4,3,100,0.14,2022-04-12,329,21433225.00,331,99
741,643,30,15,2,13,59,0.4,2022-03-30,40,3845630.00,84,99
742,644,3,16,2,3,140,1,2022-08-24,117,21433225.00,331,99
743,645,9,2,2,3,11,0.05,2022-07-21,42,21433225.00,331,99
744,645,9,2,2,3,40,0.13,2020-04-21,42,21433225.00,331,99
745,646,13,9,2,3,84,0.17,2022-10-27,277,21433225.00,331,99
746,647,4,2,8,3,67,0.2,2022-10-10,315,21433225.00,331,99
747,648,9,16,3,3,236,0.07,2020-04-07,319,21433225.00,331,99
748,648,9,16,3,3,470,0.08,2022-06-14,319,21433225.00,331,99
749,648,9,16,3,3,862,0.13,2022-11-09,320,21433225.00,331,99
750,649,96,2,8,3,44,0.25,2020-06-16,50,21433225.00,331,99
751,650,17,7,3,9,31,0.11,2023-02-09,317,446.00,9,97.8
752,651,82,7,5,3,750,0.05,2022-05-06,1500,21433225.00,331,99
753,652,16,29,10,3,150,0.1,2022-12-07,125,21433225.00,331,99
754,653,3,26,8,3,100,0.09,2022-07-06,496,21433225.00,331,99
755,654,16,10,2,3,50,0.5,2020-03-19,17,21433225.00,331,99
756,655,12,24,2,2,70,0.12,2022-08-04,163,1647126.00,38,99
757,655,12,24,2,2,210,0.43,2022-10-27,163,1647126.00,38,99
758,656,15,2,2,3,65,0.5,2022-11-08,257,21433225.00,331,99
759,657,30,13,4,13,25,0.1,2022-11-28,87,3845630.00,84,99
760,658,12,15,1,2,24,0.3,2022-12-16,26,1647126.00,38,99
761,659,21,9,4,10,60,0.03,2020-05-11,837,2994000.00,68,99
762,660,4,16,5,3,57,0.2,2022-02-03,133,21433225.00,331,99
763,661,3,24,2,3,16,0.27,2020-04-10,35,21433225.00,331,99
764,662,4,16,8,3,170,0.85,2022-11-14,405,21433225.00,331,99
765,663,3,7,2,3,35,0.15,2020-05-14,73,21433225.00,331,99
766,664,22,25,4,3,120,0.25,2020-03-30,423,21433225.00,331,99
767,665,2,18,8,2,23,0.16,2022-06-22,134,1647126.00,38,99
768,665,2,18,8,2,196,0.54,2020-04-02,112,1647126.00,38,99
769,666,97,7,10,3,40,0.02,2020-06-02,3100,21433225.00,331,99
770,666,97,7,3,3,840,0.06,2022-07-27,10700,21433225.00,331,99
771,667,3,9,3,3,340,0.09,2022-04-26,5600,21433225.00,331,99
772,667,3,9,3,3,713,0.23,2022-08-02,5600,21433225.00,331,99
773,668,67,1,1,4,100,0.2,2020-04-06,1,2085.00,213,93.2
774,669,3,8,3,3,200,0.07,2022-11-17,208,21433225.00,331,99
775,670,27,9,3,3,137,0.2,2022-11-09,527,21433225.00,331,99
776,671,9,12,13,3,194,0.41,2020-03-31,310,21433225.00,331,99
777,672,30,13,2,13,18,0.3,2022-06-29,25,3845630.00,84,99
778,673,13,1,3,3,50,0.08,2020-05-06,60,21433225.00,331,99
779,674,15,2,3,3,160,0.75,2022-09-13,445,21433225.00,331,99
780,675,38,9,5,6,180,0.15,2022-06-07,172,2875.00,1380,74.04
781,676,3,15,2,3,27,0.25,2022-06-27,61,21433225.00,331,99
782,677,15,2,3,3,340,0.53,2020-04-07,438,21433225.00,331,99
783,678,4,3,5,3,100,0.05,2023-01-19,965,21433225.00,331,99
784,679,3,5,3,3,1000,0.01,2022-11-07,65,21433225.00,331,99
785,679,3,5,3,3,1000,0.0185,2020-08-26,65,21433225.00,331,99
786,679,3,5,3,3,8000,0.1,2023-01-04,65,21433225.00,331,99
787,680,66,5,7,3,100,0.1,2023-02-07,245,21433225.00,331,99
788,681,15,3,4,3,60,0.13,2020-04-03,97,21433225.00,331,99
789,681,15,3,9,3,90,0.11,2022-11-16,452,21433225.00,331,99
790,682,5,2,5,4,75,0.15,2022-06-14,36,2085.00,213,93.2
791,683,3,20,9,3,300,0.18,2020-05-20,530,21433225.00,331,99
792,684,5,2,5,4,60,0.2,2022-06-10,11,2085.00,213,93.2
793,685,3,12,1,3,80,0.8,2020-05-01,82,21433225.00,331,99
794,686,98,13,3,13,3000,0.03,2023-01-26,1300,3845630.00,84,99
795,687,3,22,5,3,30,0.15,2020-04-02,151,21433225.00,331,99
796,688,22,9,8,3,90,0.9,2020-06-23,103,21433225.00,331,99
797,689,3,7,8,3,92,0.33,2020-04-08,95,21433225.00,331,99
798,690,66,19,3,3,212,0.09,2023-02-07,83,21433225.00,331,99
799,691,3,15,4,3,50,0.1,2020-05-06,283,21433225.00,331,99
800,692,76,2,3,3,250,0.13,2022-08-15,791,21433225.00,331,99
801,693,24,18,11,11,300,1,2022-05-04,3,1392687.00,26,99
802,694,24,20,8,11,27,0.12,2022-07-04,69,1392687.00,26,99
803,695,83,20,2,26,30,0.1,2022-08-02,26,100.00,54,81.5
804,695,83,20,2,26,54,0.2,2022-08-02,26,100.00,54,81.5
805,696,2,9,2,2,17,0.2,2020-04-01,50,1647126.00,38,99
806,697,13,5,13,3,221,0.08,2023-02-15,1100,21433225.00,331,99
807,698,12,4,1,2,21,0.25,2023-01-27,45,1647126.00,38,99
808,699,38,12,12,6,500,0.2,2023-01-16,1700,2875.00,1380,74.04
809,699,38,1,4,6,101,0.25,2020-05-20,222,2875.00,1380,74.04
810,700,3,20,6,3,60,0.2,2022-11-03,154,21433225.00,331,99
811,701,13,3,11,3,20,0.5,2020-04-28,2,21433225.00,331,99
812,702,3,3,8,3,48,0.3,2022-08-09,114,21433225.00,331,99
813,703,8,3,8,6,200,0.4,2020-04-15,19,2875.00,1380,74.04
814,704,99,3,3,2,1000,0.1,2022-07-26,122,1647126.00,38,99
815,705,16,1,4,3,52,0.12,2020-04-01,159,21433225.00,331,99
816,706,13,2,8,3,110,0.4,2022-06-28,163,21433225.00,331,99
817,707,4,13,3,3,120,0.1,2022-11-16,235,21433225.00,331,99
818,708,80,18,5,25,150,1,2022-09-07,173,306.00,6,99
819,709,11,3,2,7,160,0.08,2022-11-22,92,1150.00,274,94.6
820,710,9,29,4,3,130,0.15,2023-01-25,171,21433225.00,331,99
821,711,4,8,3,3,475,0.08,2023-03-06,525,21433225.00,331,99
822,712,4,15,9,3,80,0.09,2020-04-23,274,21433225.00,331,99
823,713,17,1,6,9,30,0.04,2022-07-27,60,446.00,9,97.8
824,714,3,26,8,3,31,0.08,2022-08-23,114,21433225.00,331,99
825,715,3,12,3,3,70,0.1,2022-05-20,287,21433225.00,331,99
826,716,100,10,7,10,300,0.2,2020-07-14,197,2994000.00,68,99
827,718,9,13,3,3,85,0.03,2023-02-16,152,21433225.00,331,99
828,719,30,9,5,13,100,0.1,2022-08-31,188,3845630.00,84,99
829,719,30,9,5,13,100,0.15,2022-11-02,188,3845630.00,84,99
830,720,13,12,3,3,1280,0.2,2022-08-31,4900,21433225.00,331,99
831,721,4,1,8,3,100,0.3,2023-01-15,104,21433225.00,331,99
832,722,15,19,9,3,198,0.14,2022-10-24,849,21433225.00,331,99
833,724,3,9,10,3,112,0.07,2020-05-20,2500,21433225.00,331,99
834,726,3,1,4,3,300,0.5,2020-04-03,162,21433225.00,331,99
835,727,17,6,7,9,120,1,2022-07-24,18,446.00,9,97.8
836,728,3,10,3,3,100,0.14,2023-03-01,839,21433225.00,331,99
837,728,3,10,3,3,250,0.21,2022-06-08,839,21433225.00,331,99
838,728,3,10,4,3,400,0.33,2020-03-24,359,21433225.00,331,99
839,729,4,12,3,3,174,0.12,2020-06-24,455,21433225.00,331,99
840,731,3,13,3,3,45,0.1,2022-11-10,326,21433225.00,331,99
841,731,3,13,3,3,200,0.5,2023-01-05,326,21433225.00,331,99
842,732,3,11,4,3,24,0.08,2022-06-21,248,21433225.00,331,99
843,733,3,7,7,3,78,0.1,2022-09-30,8,21433225.00,331,99
844,734,3,15,3,3,70,0.01,2020-06-16,40,21433225.00,331,99
845,734,3,15,3,3,325,0.04,2023-02-01,2400,21433225.00,331,99
846,735,16,7,4,3,40,0.21,2020-06-03,117,21433225.00,331,99
847,736,7,8,3,5,600,0.06,2023-01-23,2100,554.00,10,99
848,737,82,5,3,3,37,0.23,2022-12-01,32,21433225.00,331,99
849,738,4,6,3,3,100,0.04,2023-02-15,429,21433225.00,331,99
850,739,15,18,1,3,4,0.12,2020-04-08,26,21433225.00,331,99
851,740,4,15,2,3,30,0.18,2022-07-06,77,21433225.00,331,99
852,741,4,14,4,3,40,0.15,2020-05-05,68,21433225.00,331,99
853,742,15,13,3,3,100,0.24,2023-01-18,260,21433225.00,331,99
854,743,4,9,5,3,32,0.08,2022-12-06,480,21433225.00,331,99
855,744,4,9,5,3,40,0.08,2022-06-30,480,21433225.00,331,99
856,745,45,9,4,20,31,0.14,2022-06-09,61,372.00,6,98
857,746,93,10,2,3,221,1,2020-05-20,62,21433225.00,331,99
858,747,61,11,2,3,23,0.3,2022-08-02,75,21433225.00,331,99
859,748,3,3,3,3,330,0.15,2022-06-09,79,21433225.00,331,99
860,748,3,3,3,3,1400,0.18,2020-06-01,79,21433225.00,331,99
861,749,97,3,8,3,100,0.12,2020-04-23,160,21433225.00,331,99
862,749,97,3,6,3,120,0.08,2022-06-28,690,21433225.00,331,99
863,750,66,20,4,3,59,0.08,2022-06-02,325,21433225.00,331,99
864,751,7,8,3,5,100,0.1,2022-03-17,275,554.00,10,99
865,752,61,11,2,3,20,0.12,2022-06-30,58,21433225.00,331,99
866,753,17,8,2,9,40,0.2,2023-01-10,111,446.00,9,97.8
867,754,3,9,12,3,1000,0.14,2022-11-03,2300,21433225.00,331,99
868,755,3,17,2,3,33,0.4,2022-06-13,50,21433225.00,331,99
869,756,3,19,2,3,19,0.25,2023-02-27,126,21433225.00,331,99
870,758,3,8,2,3,13,0.14,2022-06-29,82,21433225.00,331,99
871,759,3,2,5,3,101,1,2022-06-20,7,21433225.00,331,99
872,760,5,9,5,4,100,0.03,2022-05-30,50,2085.00,213,93.2
873,761,66,9,1,3,90,0.23,2022-06-24,124,21433225.00,331,99
874,762,4,1,4,3,24,0.13,2022-07-11,74,21433225.00,331,99
875,763,3,12,8,3,23,0.22,2022-06-03,108,21433225.00,331,99
876,764,15,7,8,3,35,0.07,2022-06-22,261,21433225.00,331,99
877,766,13,18,14,3,35,0.1,2020-04-17,478,21433225.00,331,99
878,767,38,18,5,6,250,0.03,2022-12-08,3600,2875.00,1380,74.04
879,767,38,18,14,6,350,0.05,2020-07-27,1600,2875.00,1380,74.04
880,767,38,18,5,6,380,0.06,2023-01-20,3600,2875.00,1380,74.04
881,767,38,18,14,6,1100,0.14,2020-05-18,1600,2875.00,1380,74.04
882,768,33,7,3,15,400,0.32,2022-05-30,132,501.00,10,97.8
883,769,2,20,1,2,10,0.3,2022-06-15,20,1647126.00,38,99
884,770,3,9,2,3,63,0.48,2020-06-12,50,21433225.00,331,99
885,771,40,2,1,6,30,0.3,2022-10-21,4,2875.00,1380,74.04
886,772,10,18,1,3,5,0.07,2020-04-02,6,21433225.00,331,99
887,773,3,2,6,3,105,0.2,2022-11-18,459,21433225.00,331,99
888,774,17,3,8,9,13,0.08,2022-07-05,71,446.00,9,97.8
889,775,4,1,3,3,100,0.06,2022-09-13,445,21433225.00,331,99
890,776,3,9,8,3,28,0.23,2020-05-07,92,21433225.00,331,99
891,777,13,3,8,3,20,0.4,2020-03-12,90,21433225.00,331,99
892,778,13,6,3,3,52,0,2022-06-21,279,21433225.00,331,99
893,779,15,2,3,3,30,0.2,2022-08-31,173,21433225.00,331,99
894,780,38,17,2,6,45,0.05,2022-11-30,118,2875.00,1380,74.04
895,781,2,13,2,2,34,0.19,2022-11-17,73,1647126.00,38,99
896,782,15,1,3,3,60,0.05,2022-12-08,115,21433225.00,331,99
897,783,4,2,3,3,300,0.06,2023-01-18,172,21433225.00,331,99
898,784,3,22,8,3,15,0.06,2022-07-01,169,21433225.00,331,99
899,785,9,14,5,3,30,0.2,2020-03-27,41,21433225.00,331,99
900,786,3,8,4,3,46,0.08,2020-06-05,139,21433225.00,331,99
901,787,15,3,7,3,40,1,2022-06-09,5,21433225.00,331,99
902,788,22,10,2,3,38,0.22,2020-03-23,36,21433225.00,331,99
903,789,16,26,8,3,54,0.15,2022-07-14,115,21433225.00,331,99
904,790,15,26,7,3,59,0.25,2020-04-02,65,21433225.00,331,99
905,791,3,3,3,3,230,0.07,2023-02-16,356,21433225.00,331,99
906,791,3,3,3,3,235,0.1,2020-04-14,358,21433225.00,331,99
907,792,4,3,1,3,20,0.25,2020-05-28,7,21433225.00,331,99
908,793,4,8,8,3,17,0.1,2023-02-01,28,21433225.00,331,99
909,793,4,8,8,3,26,0.2,2020-05-01,28,21433225.00,331,99
910,794,4,28,1,3,20,0.33,2022-07-05,28,21433225.00,331,99
911,795,28,17,3,2,76,0.19,2023-01-10,22,1647126.00,38,99
912,795,28,17,3,2,100,0.2,2022-03-29,22,1647126.00,38,99
913,796,3,3,2,3,65,0.3,2020-04-02,68,21433225.00,331,99
914,797,16,13,3,3,500,0.04,2023-03-01,748,21433225.00,331,99
915,798,21,3,7,10,30,0.5,2022-11-30,40,2994000.00,68,99
916,799,2,18,2,2,75,0.5,2020-08-06,53,1647126.00,38,99
917,800,3,12,14,3,160,0.14,2022-12-13,698,21433225.00,331,99
918,800,3,12,9,3,250,0.3,2020-03-30,423,21433225.00,331,99
919,801,30,7,4,13,80,0.07,2023-01-25,646,3845630.00,84,99
920,801,30,7,4,13,180,0.16,2022-08-23,646,3845630.00,84,99
921,802,61,4,4,3,24,0.1,2022-06-14,204,21433225.00,331,99
922,803,4,12,5,3,60,0.14,2023-01-31,235,21433225.00,331,99
923,804,3,9,9,3,123,0.11,2023-01-11,565,21433225.00,331,99
924,805,15,18,9,3,1300,0.5,2020-04-07,902,21433225.00,331,99
925,806,76,9,1,3,44,0.33,2022-05-31,110,21433225.00,331,99
926,807,59,9,5,13,30,0.25,2022-12-16,29,3845630.00,84,99
927,808,3,27,6,3,262,0.35,2022-07-13,450,21433225.00,331,99
928,809,3,13,2,3,23,0.23,2022-06-15,83,21433225.00,331,99
929,810,2,17,4,2,16,0.03,2020-05-12,104,1647126.00,38,99
930,811,15,19,5,3,13,0.37,2020-04-17,1,21433225.00,331,99
931,812,2,18,6,2,131,0.23,2020-04-14,224,1647126.00,38,99
932,813,4,20,4,3,24,0.1,2020-04-29,128,21433225.00,331,99
933,814,15,19,1,3,27,0.07,2022-07-05,583,21433225.00,331,99
934,815,46,10,4,6,250,0.5,2020-03-28,47,2875.00,1380,74.04
935,816,45,3,6,20,80,0.08,2022-11-22,1000,372.00,6,98
936,816,45,3,6,20,100,0.12,2022-06-20,1000,372.00,6,98
937,816,17,3,4,9,120,0.1,2020-05-03,386,446.00,9,97.8
938,817,39,17,2,3,41,0.9,2021-09-14,12,21433225.00,331,99
939,818,38,3,2,6,300,0.5,2022-03-15,62,2875.00,1380,74.04
940,819,3,10,4,3,300,0.25,2020-03-25,981,21433225.00,331,99
941,820,15,10,3,3,900,0.25,2020-04-28,3,21433225.00,331,99
942,821,3,14,2,3,15,0.17,2020-03-23,48,21433225.00,331,99
943,822,4,1,2,3,23,0.07,2020-04-02,16,21433225.00,331,99
944,822,4,1,7,3,100,0.2,2023-02-10,16,21433225.00,331,99
945,823,13,7,3,3,219,0.3,2020-05-28,340,21433225.00,331,99
946,824,21,9,6,3,40,0.1,2022-09-16,271,21433225.00,331,99
947,825,3,2,4,3,150,0.15,2022-06-08,255,21433225.00,331,99
948,825,3,2,4,3,175,0.33,2022-08-11,255,21433225.00,331,99
949,826,28,19,4,2,24,0.05,2022-09-23,474,1647126.00,38,99
950,827,5,17,2,4,47,0.1,2022-08-10,40,2085.00,213,93.2
951,828,15,19,7,3,55,0.1,2022-08-21,21,21433225.00,331,99
952,829,3,7,6,3,108,0.3,2020-03-31,467,21433225.00,331,99
953,830,49,7,3,3,350,0.25,2022-12-21,648,21433225.00,331,99
954,831,5,17,1,4,4,1,2020-04-24,2,2085.00,213,93.2
955,832,83,18,8,26,211,0.21,2022-11-16,157,100.00,54,81.5
956,833,3,13,3,3,800,0.11,2022-09-14,614,21433225.00,331,99
957,833,3,13,3,3,1500,0.17,2023-02-13,614,21433225.00,331,99
958,834,17,30,5,9,30,0.33,2023-01-05,50,446.00,9,97.8
959,835,3,12,3,3,200,0.1,2023-02-25,12900,21433225.00,331,99
960,835,3,12,3,3,3700,0.5,2022-11-04,12900,21433225.00,331,99
961,836,42,9,4,18,53,0.03,2022-11-30,544,494.00,45,98
962,837,38,7,3,6,600,0.23,2020-05-26,24700,2875.00,1380,74.04
963,837,3,7,3,3,3000,0.13,2020-05-18,24700,21433225.00,331,99
964,837,3,7,3,3,3700,0.14,2020-05-06,24700,21433225.00,331,99
965,838,3,20,15,3,150,0.03,2023-01-23,2700,21433225.00,331,99
966,839,2,1,1,2,31,0.17,2022-08-05,42,1647126.00,38,99
967,840,38,3,5,6,180,0.04,2022-06-27,1500,2875.00,1380,74.04
968,841,3,17,5,3,55,0.13,2022-10-11,235,21433225.00,331,99
969,842,46,17,11,6,100,1,2022-06-01,2,2875.00,1380,74.04
970,843,4,15,3,3,210,0.05,2022-06-27,2000,21433225.00,331,99
971,843,4,15,3,3,241,0.06,2022-11-15,2000,21433225.00,331,99
972,844,11,3,2,7,134,0.23,2022-11-30,140,1150.00,274,94.6
973,845,38,17,12,6,150,0.03,2022-06-18,838,2875.00,1380,74.04
974,845,38,17,12,6,350,0.1,2022-11-07,838,2875.00,1380,74.04
975,845,38,17,12,6,1000,0.17,2022-04-07,838,2875.00,1380,74.04
976,847,28,1,1,2,47,0.2,2022-08-03,39,1647126.00,38,99
977,848,21,9,5,10,29,0.26,2022-05-27,118,2994000.00,68,99
978,849,5,13,4,4,50,0.04,2022-10-24,336,2085.00,213,93.2
979,849,5,13,4,4,110,0.1,2023-01-17,336,2085.00,213,93.2
980,850,3,6,6,3,76,0.1,2023-01-03,620,21433225.00,331,99
981,851,3,9,2,3,89,0.45,2020-04-08,40,21433225.00,331,99
982,852,3,13,3,3,200,0.04,2022-06-29,1300,21433225.00,331,99
983,852,3,13,3,3,284,0.03,2023-01-17,1300,21433225.00,331,99
984,853,3,4,2,3,42,0.25,2022-07-14,7,21433225.00,331,99
985,854,46,3,2,6,25,0.15,2023-01-05,62,2875.00,1380,74.04
986,855,16,1,1,3,19,0.3,2020-04-24,7,21433225.00,331,99
987,856,3,9,3,3,140,0.07,2022-11-01,144,21433225.00,331,99
988,856,3,9,3,3,365,0.2,2023-01-31,144,21433225.00,331,99
989,857,30,27,5,13,55,0.15,2022-09-01,95,3845630.00,84,99
990,858,9,1,8,3,15,0.25,2020-04-01,46,21433225.00,331,99
991,859,22,20,4,3,65,0.37,2020-03-31,69,21433225.00,331,99
992,860,39,10,3,3,1300,0.17,2023-01-24,834,21433225.00,331,99
993,861,4,19,3,3,110,0.05,2022-11-06,30,21433225.00,331,99
994,862,38,17,6,6,200,0.03,2022-05-05,292,2875.00,1380,74.04
995,862,38,17,6,6,424,0.07,2022-05-18,292,2875.00,1380,74.04
996,863,17,26,11,9,16,0.32,2022-07-31,15,446.00,9,97.8
997,863,17,26,11,9,17,0.5,2022-10-25,15,446.00,9,97.8
998,864,3,16,4,3,100,0.3,2022-11-11,597,21433225.00,331,99
999,865,74,18,1,24,27,0.09,2022-11-25,43,450.00,206,59.6
1000,866,4,15,6,3,80,0.1,2022-07-05,569,21433225.00,331,99
1001,867,92,19,1,29,63,0.21,2020-05-04,7,32.00,1,99
1002,867,92,19,8,29,66,0.12,2023-02-09,192,32.00,1,99
1003,868,38,8,16,6,150,0.05,2022-11-25,1700,2875.00,1380,74.04
1004,869,15,2,2,3,29,0.43,2022-09-19,75,21433225.00,331,99
1005,870,33,2,4,15,50,0.1,2022-06-28,71,501.00,10,97.8
1006,871,13,1,8,3,21,0.1,2020-04-08,106,21433225.00,331,99
1007,872,13,7,5,3,111,0.5,2022-02-21,368,21433225.00,331,99
1008,873,7,7,4,3,35,0.1,2022-06-22,515,21433225.00,331,99
1009,873,7,7,4,3,130,0.13,2022-12-07,515,21433225.00,331,99
1010,874,3,9,8,3,15,0.07,2022-06-23,159,21433225.00,331,99
1011,875,6,8,9,3,39,0.02,2022-07-27,307,21433225.00,331,99
1012,875,6,8,9,3,130,0.07,2023-01-20,307,21433225.00,331,99
1013,876,13,1,5,3,8,0.13,2022-06-23,10,21433225.00,331,99
1014,877,4,7,3,3,270,0.14,2022-05-09,1300,21433225.00,331,99
1015,877,4,7,3,3,275,0.2,2023-01-18,1300,21433225.00,331,99
1016,878,3,12,2,3,45,0.35,2020-04-14,90,21433225.00,331,99
1017,879,5,3,3,4,200,0.13,2022-05-26,365,2085.00,213,93.2
1018,880,3,13,3,3,43,0.03,2023-01-08,307,21433225.00,331,99
1019,881,3,10,2,3,56,0.23,2020-03-25,26,21433225.00,331,99
1020,881,3,10,2,3,85,1,2022-07-01,26,21433225.00,331,99
1021,883,13,8,2,3,56,0.33,2022-06-13,65,21433225.00,331,99
1022,884,15,3,3,3,870,0.05,2022-08-19,1700,21433225.00,331,99
1023,884,15,3,3,3,1750,0.1,2023-01-20,1700,21433225.00,331,99
1024,885,1,1,5,1,200,0.4,2022-11-16,889,574.00,5,99
1025,886,3,7,15,3,209,0.08,2023-03-01,5500,21433225.00,331,99
1026,887,3,7,7,3,30,0.054,2020-09-09,67,21433225.00,331,99
1027,888,2,9,5,2,159,0.13,2022-06-15,900,1647126.00,38,99
1028,889,3,18,6,3,150,0.1,2022-06-15,863,21433225.00,331,99
1029,890,3,2,2,3,10,0.33,2020-04-24,29,21433225.00,331,99
1030,891,40,16,12,6,100,0.2,2020-05-18,19500,2875.00,1380,74.04
1031,892,22,2,8,3,35,0.17,2022-08-18,215,21433225.00,331,99
1032,892,22,2,8,3,56,0.28,2023-02-01,215,21433225.00,331,99
1033,893,51,26,2,3,55,0.35,2020-04-22,24,21433225.00,331,99
1034,894,15,27,9,3,95,0.15,2022-07-21,404,21433225.00,331,99
1035,895,5,12,5,4,300,0.2,2022-11-28,260,2085.00,213,93.2
1036,896,3,3,3,3,150,0.17,2023-01-31,1600,21433225.00,331,99
1037,896,3,3,3,3,190,0.15,2022-03-01,1600,21433225.00,331,99
1038,897,17,1,3,9,370,0.06,2023-02-15,58,446.00,9,97.8
1039,898,4,18,2,3,130,0.07,2022-11-30,850,21433225.00,331,99
1040,899,3,17,1,3,50,0.75,2020-03-25,24,21433225.00,331,99
1041,900,3,14,8,3,46,0.13,2020-04-01,52,21433225.00,331,99
1042,901,15,1,7,3,26,0.1,2020-04-06,28,21433225.00,331,99
1043,902,15,14,8,3,25,0.1,2020-05-05,84,21433225.00,331,99
1044,903,3,13,6,3,90,0.1,2023-02-01,415,21433225.00,331,99
1045,904,3,26,3,3,525,0.03,2023-01-31,230,21433225.00,331,99
1046,905,30,26,2,3,60,0.2,2022-12-15,76,21433225.00,331,99
1047,906,3,26,8,3,35,0.2,2022-09-15,67,21433225.00,331,99
1048,907,22,3,5,3,30,0.5,2020-11-09,4,21433225.00,331,99
1049,909,57,11,2,13,20,0.1,2022-12-10,94,3845630.00,84,99
1050,911,3,12,7,3,1600,0.2,2023-02-09,6,21433225.00,331,99
1051,912,3,12,3,3,1000,0.17,2020-04-09,56,21433225.00,331,99
1052,913,46,24,11,6,140,0.5,2022-06-02,3,2875.00,1380,74.04
1053,914,4,1,5,3,70,0.09,2022-11-16,436,21433225.00,331,99
1054,915,5,18,1,3,100,0.4,2022-05-16,29,21433225.00,331,99
1055,916,21,9,8,10,85,0.17,2022-07-14,202,2994000.00,68,99
1056,917,30,9,2,13,75,0.72,2020-07-27,60,3845630.00,84,99
1057,918,17,13,5,9,30,0.2,2022-07-20,51,446.00,9,97.8
1058,919,3,6,7,3,350,0.05,2022-11-07,85,21433225.00,331,99
1059,920,3,26,8,3,87,0.15,2020-04-23,583,21433225.00,331,99
1060,921,9,27,8,3,17,0.04,2020-03-31,91,21433225.00,331,99
1061,922,3,16,8,3,64,0.46,2022-10-20,151,21433225.00,331,99
1062,922,3,16,2,3,73,0.5,2020-05-12,79,21433225.00,331,99
1063,922,3,16,2,3,80,0.3,2020-03-24,79,21433225.00,331,99
1064,923,45,3,4,20,44,0.05,2020-04-17,307,372.00,6,98
1065,923,45,3,4,20,100,0.12,2020-07-09,307,372.00,6,98
1066,924,9,16,3,3,300,0.05,2022-10-26,97,21433225.00,331,99
1067,924,9,16,3,3,2000,0.25,2021-11-02,97,21433225.00,331,99
1068,925,15,7,7,3,100,0.2,2020-03-27,107,21433225.00,331,99
1069,926,13,14,2,3,400,0.39,2020-03-29,219,21433225.00,331,99
1070,927,46,18,16,6,100,0.04,2022-11-19,914,2875.00,1380,74.04
1071,927,46,18,16,6,520,0.13,2020-05-15,914,2875.00,1380,74.04
1072,928,3,13,3,3,1300,0.15,2023-02-07,276,21433225.00,331,99
1073,929,3,7,2,3,100,0.1,2020-04-13,955,21433225.00,331,99
1074,930,3,19,3,3,177,0.03,2023-03-02,148,21433225.00,331,99
1075,931,3,18,5,3,200,0.67,2020-04-15,423,21433225.00,331,99
1076,932,3,16,4,3,45,0.15,2022-06-16,178,21433225.00,331,99
1077,723,102,9,6,3,69,0.13,2022-06-17,646,21433225.00,331,99
1078,723,102,9,6,3,104,0.19,2023-01-05,646,21433225.00,331,99
1079,908,110,26,1,3,5,0.15,2022-08-16,11,21433225.00,331,99
1080,730,104,19,7,3,450,0.1,2023-01-18,125,21433225.00,331,99
1081,725,103,15,3,13,200,0.04,2023-01-31,344,3845630.00,84,99
1082,837,107,7,3,32,225,0.25,2020-06-12,24700,902.00,17,99
1083,910,111,12,6,22,180,0.09,2022-04-21,917,14140163.00,1439,96.8
1084,846,108,6,8,33,80,0.35,2020-04-08,91,274.00,10,99
1085,757,105,13,2,3,30,0.2,2020-04-25,17,21433225.00,331,99
1086,882,109,9,1,34,300,0.15,2022-07-13,292,23.00,16,52
1087,765,106,3,8,31,250,0.17,2022-06-15,169,305.00,6,99
1088,717,101,8,9,3,120,0.4,2023-01-12,410,21433225.00,331,99
